name,price,url
Диван Ольен Velvet Emerald,64 990,/product/divan-olen-velvet-emerald
Диван Рейли Velvet Mint,36 990,/product/divan-rejli-velvet-mint
Диван Мона Velvet Coral,32 990,/product/divan-mona-velvet-coral
Диван Викс Textile Grafit,21 990,/product/divan-viks-textile-grafit
Диван Нумо Velvet Grey,37 990,/product/divan-numo-velvet-grey
Диван Хевит Velvet Eclipse,39 990,/product/divan-hevit-velvet-eclipse
Диван Лачи Velvet Silver,34 990,/product/divan-lachi-velvet-silver
Диван Риен Velvet Smoke,49 990,/product/divan-rien-velvet-smoke
Диван угловой Эдвин Velvet Moss,74 990,/product/divan-uglovoj-edvin-velvet-moss
Модульный диван Сэндж 3 Textile Light,78 960,/product/modulnyj-divan-sendj-3-textile-light
Диван Види Textile Ocean,25 990,/product/divan-vidi-textile-ocean
Диван Риббл-6 Bucle Lilac,51 990,/product/divan-ribbl-6-bucle-lilac
Диван Стаус Velvet Olive,32 990,/product/divan-staus-velvet-olive
Диван Лави Velvet Yellow,43 990,/product/divan-lavi-velvet-yellow
Диван Дисент Soft Ginger,98 990,/product/divan-disent-soft-ginger
Диван Терм Velvet Smoke,69 990,/product/divan-term-velvet-smoke
Диван Виенсо Bucle Sand,79 990,/product/divan-vienso-bucle-sand
Кушетка Венето Velvet Terra,38 990,/product/kushetka-veneto-velvet-terra
Диван угловой Биани-1 Barhat Olive,84 990,/product/divan-uglovoj-biani-1-barhat-olive
Диван Лачи Velvet Yellow,34 990,/product/divan-lachi-velvet-yellow
Модульный диван Brera-4 Bucle Beige,206 970,/product/modulnyj-divan-brera-4-bucle-beige
Диван угловой Мейлон Velvet Terra,49 990,/product/divan-uglovoj-mejlon-velvet-terra
Диван Арклоу Soft Silver,59 990,/product/divan-arklou-soft-silver
Диван угловой Майнап Velvet Navy Blue,49 990,/product/divan-uglovoj-majnap-velvet-navy-blue
Модульный диван Нолан-B 4 Soft Yellow,146 450,/product/modulnyj-divan-nolan-b-4-soft-yellow
Диван Стаус Velvet Blue,32 990,/product/divan-staus-velvet-blue
Диван Нумо Мини Textile Light,24 990,/product/divan-numo-mini-textile-light
Диван Порту Textile Brown,24 990,/product/divan-portu-textile-brown
Диван Кела Мини Velvet Grafit,42 990,/product/divan-kela-mini-velvet-grafit
Диван Роттердам Velvet Olive,26 990,/product/divan-rotterdam-velvet-olive
Диван Данста Textile Night,79 990,/product/divan-dansta-textile-night
Диван Боско-3 Land Yellow,49 990,/product/divan-bosko-3-land-yellow
Диван Нумо Velvet Latte,37 990,/product/divan-numo-velvet-latte
Диван угловой Ларонсо Soft Pearl,109 990,/product/divan-uglovoj-laronso-soft-pearl
Диван Сваут Velvet Mustard,64 990,/product/divan-svaut-velvet-mustard
Диван Данста Velvet Light,66 990,/product/divan-dansta-velvet-light
Кушетка Интори Soft Night,30 990,/product/kushetka-intori-soft-night
Диван Роттердам-3 Velvet Blue,32 990,/product/divan-rotterdam-3-velvet-blue
Диван Маре Мини Velvet Pink,27 990,/product/divan-mare-mini-velvet-pink
Диван угловой Онте Bucle Silver,97 990,/product/divan-uglovoj-onte-bucle-silver
Диван угловой Амрано Velvet Stone,42 990,/product/divan-uglovoj-amrano-velvet-stone
Диван Льери-1 Soft Light,59 990,/product/divan-leri-1-soft-light
Диван Сите-2 Barhat Beige,32 990,/product/divan-site-2-barhat-beige
Модульный диван Нолан-W 4 Soft Jungle,146 450,/product/modulnyj-divan-nolan-w-4-soft-jungle
Диван Самми Velvet Midnight,34 990,/product/divan-sammi-velvet-midnight
Диван Самми Velvet Coral,34 990,/product/divan-sammi-velvet-coral
Диван Биани Bucle Beige,89 990,/product/divan-biani-bucle-beige
Диван Арклоу Cozy Ivory,56 990,/product/divan-arklou-cozy-ivory
